{
  "model_name": "Random Forest",
  "test_mse": 22625668264.931225,
  "test_rmse": 150418.31093630596,
  "test_mae": 41114.21951280053,
  "test_r2": 0.9054934542084645,
  "train_r2": 0.9118891148207239,
  "cv_mean_r2": 0.907450722482376,
  "cv_std_r2": 0.014255171967446552,
  "overfitting_indicator": 0.0063956606122593795
}