{
  "model_name": "Random Forest",
  "test_mse": 1051482157.4017425,
  "test_rmse": 32426.565612191225,
  "test_mae": 10590.945991079745,
  "test_r2": 0.9217847729134325,
  "train_r2": 0.9220043684311382,
  "cv_mean_r2": 0.9100429055714658,
  "cv_std_r2": 0.012692667327173068,
  "overfitting_indicator": 0.00021959551770567298
}