{
  "model_name": "Random Forest",
  "test_mse": 4971217.252665884,
  "test_rmse": 2229.6226704682304,
  "test_mae": 568.4458255833084,
  "test_r2": 0.7683287255694632,
  "train_r2": 0.761794336015571,
  "cv_mean_r2": 0.7539902959331175,
  "cv_std_r2": 0.013621135173545655,
  "overfitting_indicator": -0.006534389553892184
}