{
  "model_name": "Random Forest",
  "test_mse": 297675.75391189667,
  "test_rmse": 545.5966952904835,
  "test_mae": 136.35953752956618,
  "test_r2": 0.7494882407023801,
  "train_r2": 0.7449656569608927,
  "cv_mean_r2": 0.732675757422661,
  "cv_std_r2": 0.01030427112926928,
  "overfitting_indicator": -0.004522583741487396
}