{
  "model_name": "Random Forest",
  "test_mse": 311.10483911297445,
  "test_rmse": 17.638164278432562,
  "test_mae": 6.871700429904257,
  "test_r2": 0.9690050507276424,
  "train_r2": 0.968779575544076,
  "cv_mean_r2": 0.9688904026566091,
  "cv_std_r2": 0.0008748700921773388,
  "overfitting_indicator": -0.00022547518356641483
}