{
  "model_name": "Random Forest",
  "test_mse": 16.68944797124958,
  "test_rmse": 4.085272080443307,
  "test_mae": 2.0002052464513227,
  "test_r2": 0.9154094978423444,
  "train_r2": 0.9202140460879855,
  "cv_mean_r2": 0.9176747637759352,
  "cv_std_r2": 0.006971670205079036,
  "overfitting_indicator": 0.004804548245641138
}