{
  "model_name": "Random Forest",
  "test_mse": 3.600034570204051,
  "test_rmse": 1.897375706127822,
  "test_mae": 1.0174324524782585,
  "test_r2": 0.8149142988410255,
  "train_r2": 0.8306521833731395,
  "cv_mean_r2": 0.8084489002153108,
  "cv_std_r2": 0.0233718544832656,
  "overfitting_indicator": 0.015737884532114
}