{
  "model_name": "Random Forest",
  "test_mse": 7791.190890737258,
  "test_rmse": 88.26772281381942,
  "test_mae": 22.085781472555848,
  "test_r2": 0.6898243665705628,
  "train_r2": 0.7146147277118153,
  "cv_mean_r2": 0.6917917767328582,
  "cv_std_r2": 0.011967452512472072,
  "overfitting_indicator": 0.024790361141252548
}