{
  "model_name": "Decision Tree",
  "test_mse": 807.365185185185,
  "test_rmse": 28.414172259370588,
  "test_mae": 13.388888888888888,
  "test_r2": -146.53881556683586,
  "train_r2": 0.30416623761764483,
  "cv_mean_r2": -40.34285776511733,
  "cv_std_r2": 33.430496369910834,
  "overfitting_indicator": 146.8429818044535
}