{
  "model_name": "Random Forest",
  "test_mse": 33595494.81143463,
  "test_rmse": 5796.16207601501,
  "test_mae": 1684.0051454767088,
  "test_r2": 0.8754094784327563,
  "train_r2": 0.8931723972899452,
  "cv_mean_r2": 0.8662634401466616,
  "cv_std_r2": 0.012206113860045635,
  "overfitting_indicator": 0.017762918857188947
}