{
  "model_name": "Random Forest",
  "test_mse": 4398.424198708024,
  "test_rmse": 66.32061669426804,
  "test_mae": 45.05073474511369,
  "test_r2": 0.7043625127455754,
  "train_r2": 0.7029131048036956,
  "cv_mean_r2": 0.7060757555398031,
  "cv_std_r2": 0.004277165870636456,
  "overfitting_indicator": -0.0014494079418797545
}