{
  "model_name": "Random Forest",
  "test_mse": 376807108822.5752,
  "test_rmse": 613846.1605504878,
  "test_mae": 234395.97663533967,
  "test_r2": 0.9716639475672818,
  "train_r2": 0.9701585607132057,
  "cv_mean_r2": 0.9698609619286813,
  "cv_std_r2": 0.0012351493276388623,
  "overfitting_indicator": -0.001505386854076085
}