{
  "model_name": "Random Forest",
  "test_mse": 248053029.77872315,
  "test_rmse": 15749.699355185265,
  "test_mae": 5464.058552482365,
  "test_r2": 0.927395962484698,
  "train_r2": 0.9243962448366738,
  "cv_mean_r2": 0.9241386081135918,
  "cv_std_r2": 0.005691339472520726,
  "overfitting_indicator": -0.0029997176480242027
}